,#CHROM,POS
0,chr1,1
20,chr1,866320
40,chr1,943468
60,chr1,986443
80,chr1,1249188
100,chr1,1278237
120,chr1,1551928
140,chr1,1650960
160,chr1,1688469
180,chr1,3383665
200,chr1,3496328
220,chr1,3645835
240,chr1,3761651
260,chr1,6579608
280,chr1,6704636
300,chr1,9165869
320,chr1,10596389
340,chr1,11132217
360,chr1,11297763
380,chr1,12082926
400,chr1,12779618
420,chr1,12853975
440,chr1,12887549
460,chr1,12898473
480,chr1,12919423
500,chr1,13036588
520,chr1,13182943
540,chr1,13183533
560,chr1,15439493
580,chr1,15813752
600,chr1,16359052
620,chr1,16375065
640,chr1,16385175
660,chr1,16860706
680,chr1,16863352
700,chr1,16890921
720,chr1,16895635
740,chr1,16907328
760,chr1,16916702
780,chr1,16934905
800,chr1,16953122
820,chr1,16972294
840,chr1,17013190
860,chr1,17083808
880,chr1,17087466
900,chr1,17200466
920,chr1,17350238
940,chr1,17402255
960,chr1,17601420
980,chr1,18702988
1000,chr1,19208145
1020,chr1,19611411
1040,chr1,20992819
1060,chr1,21738020
1080,chr1,21755907
1100,chr1,21801346
1120,chr1,21925108
1140,chr1,22191454
1160,chr1,22207804
1180,chr1,22310140
1200,chr1,22336372
1220,chr1,23219493
1240,chr1,23758134
1260,chr1,24228360
1280,chr1,24388371
1300,chr1,24413160
1320,chr1,24483492
1340,chr1,26098333
1360,chr1,26139392
1380,chr1,26310395
1400,chr1,26545947
1420,chr1,26873245
1440,chr1,28086955
1460,chr1,29542435
1480,chr1,31906882
1500,chr1,32266027
1520,chr1,33233324
1540,chr1,33957152
1560,chr1,35562966
1580,chr1,36565585
1600,chr1,37335495
1620,chr1,38341518
1640,chr1,39894839
1660,chr1,40533321
1680,chr1,40737516
1700,chr1,41540854
1720,chr1,42630365
1740,chr1,43356062
1760,chr1,43777853
1780,chr1,44395786
1800,chr1,45468631
1820,chr1,46655159
1840,chr1,47099346
1860,chr1,47495822
1880,chr1,47609489
1900,chr1,50442949
1920,chr1,51873951
1940,chr1,53323492
1960,chr1,53990322
1980,chr1,55253575
2000,chr1,55532743
2020,chr1,55567410
2040,chr1,59096479
2060,chr1,59096694
2080,chr1,60505579
2100,chr1,62728861
2120,chr1,62976473
2140,chr1,66036501
2160,chr1,67648460
2180,chr1,70997152
2200,chr1,75036783
2220,chr1,76257893
2240,chr1,78045369
2260,chr1,80556028
2280,chr1,84944990
2300,chr1,85527975
2320,chr1,85648621
2340,chr1,86590915
2360,chr1,87045896
2380,chr1,89478855
2400,chr1,89849350
2420,chr1,89888371
2440,chr1,91359217
2460,chr1,91989573
2480,chr1,92712266
2500,chr1,93580992
2520,chr1,94471075
2540,chr1,95001600
2560,chr1,98051515
2580,chr1,100617887
2600,chr1,100818465
2620,chr1,104076463
2640,chr1,109170746
2660,chr1,109704618
2680,chr1,109795026
2700,chr1,110172348
2720,chr1,110558276
2740,chr1,111828464
2760,chr1,113254267
2780,chr1,114377569
2800,chr1,116108044
2820,chr1,117487710
2840,chr1,118484266
2860,chr1,120382121
2880,chr1,121116121
2900,chr1,121484154
2920,chr1,121484449
2940,chr1,121484728
2960,chr1,121485015
2980,chr1,121485313
3000,chr1,142671151
3020,chr1,144598660
3040,chr1,144852322
3060,chr1,144854084
3080,chr1,144854492
3100,chr1,144855936
3120,chr1,144866663
3140,chr1,144873888
3160,chr1,144877177
3180,chr1,144886198
3200,chr1,144915795
3220,chr1,144922584
3240,chr1,144952221
3260,chr1,145103948
3280,chr1,145112314
3300,chr1,145115820
3320,chr1,145290874
3340,chr1,145298187
3360,chr1,145367178
3380,chr1,145586310
3400,chr1,146493280
3420,chr1,146740576
3440,chr1,147121978
3460,chr1,148000718
3480,chr1,148889700
3500,chr1,148903577
3520,chr1,149262554
3540,chr1,149286058
3560,chr1,149648697
3580,chr1,150483841
3600,chr1,150969567
3620,chr1,151029105
3640,chr1,151373200
3660,chr1,151700189
3680,chr1,151847180
3700,chr1,152192115
3720,chr1,152193991
3740,chr1,153314153
3760,chr1,153431407
3780,chr1,154474132
3800,chr1,154554952
3820,chr1,154832322
3840,chr1,155408636
3860,chr1,155838268
3880,chr1,156279211
3900,chr1,156526388
3920,chr1,156539155
3940,chr1,156563899
3960,chr1,156848995
3980,chr1,157718283
4000,chr1,158647495
4020,chr1,159409534
4040,chr1,160090675
4060,chr1,160151625
4080,chr1,160789197
4100,chr1,161565324
4120,chr1,161823198
4140,chr1,162339261
4160,chr1,162760552
4180,chr1,165470831
4200,chr1,166717685
4220,chr1,167817640
4240,chr1,168545949
4260,chr1,169890933
4280,chr1,171514732
4300,chr1,172431210
4320,chr1,175097349
4340,chr1,176857348
4360,chr1,179054692
4380,chr1,179497360
4400,chr1,180159799
4420,chr1,181752929
4440,chr1,183525452
4460,chr1,186946912
4480,chr1,194158917
4500,chr1,197055926
4520,chr1,197112534
4540,chr1,197576308
4560,chr1,200569392
4580,chr1,201112981
4600,chr1,201176019
4620,chr1,201289647
4640,chr1,201840066
4660,chr1,202137318
4680,chr1,202386076
4700,chr1,203137784
4720,chr1,203652141
4740,chr1,204006597
4760,chr1,204433512
4780,chr1,205031449
4800,chr1,205495392
4820,chr1,206567100
4840,chr1,206944234
4860,chr1,207679307
4880,chr1,208208035
4900,chr1,209792016
4920,chr1,211033413
4940,chr1,211834040
4960,chr1,213056819
4980,chr1,214567016
5000,chr1,214656361
5020,chr1,214656670
5040,chr1,219383906
5060,chr1,220178718
5080,chr1,220789363
5100,chr1,222802927
5120,chr1,222919896
5140,chr1,223900408
5160,chr1,224493002
5180,chr1,225237851
5200,chr1,226125544
5220,chr1,226626685
5240,chr1,227598447
5260,chr1,227681586
5280,chr1,228613053
5300,chr1,230883499
5320,chr1,232650750
5340,chr1,236722182
5360,chr1,237023333
5380,chr1,237730125
5400,chr1,237890438
5420,chr1,240601269
5440,chr1,242045275
5460,chr1,245222634
5480,chr1,246677035
5500,chr1,247162659
5520,chr1,247752019
5540,chr1,248004614
5560,chr1,248059476
5580,chr1,248112836
5600,chr1,248247592
5620,chr1,248845097
5630,chr10,1
5650,chr10,394715
5670,chr10,1068802
5690,chr10,3155217
5710,chr10,3180316
5730,chr10,3202141
5750,chr10,5139685
5770,chr10,5324828
5790,chr10,5567696
5810,chr10,5920121
5830,chr10,6131627
5850,chr10,6258938
5870,chr10,7604649
5890,chr10,7822419
5910,chr10,8093185
5930,chr10,11330184
5950,chr10,11797437
5970,chr10,12595037
5990,chr10,13275676
6010,chr10,15014698
6030,chr10,15713507
6050,chr10,17026011
6070,chr10,18242304
6090,chr10,20436839
6110,chr10,21319789
6130,chr10,26873010
6150,chr10,27382240
6170,chr10,27454112
6190,chr10,27535018
6210,chr10,27687966
6230,chr10,29821524
6250,chr10,30662734
6270,chr10,30986244
6290,chr10,31803517
6310,chr10,32742256
6330,chr10,33165227
6350,chr10,35894666
6370,chr10,38897601
6390,chr10,42383651
6410,chr10,42385100
6430,chr10,42385419
6450,chr10,42387759
6470,chr10,42393056
6490,chr10,42396152
6510,chr10,42396884
6530,chr10,42400449
6550,chr10,42408286
6570,chr10,42532581
6590,chr10,42599404
6610,chr10,42599934
6630,chr10,42644607
6650,chr10,43280060
6670,chr10,44103924
6690,chr10,45652579
6710,chr10,46993679
6730,chr10,46999466
6750,chr10,47000080
6770,chr10,47133375
6790,chr10,47756004
6810,chr10,49687800
6830,chr10,50225034
6850,chr10,50740876
6870,chr10,51374254
6890,chr10,51632856
6910,chr10,51820834
6930,chr10,52390837
6950,chr10,60028840
6970,chr10,61802577
6990,chr10,63982985
7010,chr10,64967446
7030,chr10,69935236
7050,chr10,70304238
7070,chr10,70716107
7090,chr10,71060697
7110,chr10,71898356
7130,chr10,72492213
7150,chr10,73121913
7170,chr10,73520632
7190,chr10,80808527
7210,chr10,81355361
7230,chr10,81791639
7250,chr10,82182296
7270,chr10,88256943
7290,chr10,88768657
7310,chr10,91162497
7330,chr10,94816807
7350,chr10,95072907
7370,chr10,95279654
7390,chr10,96322405
7410,chr10,97920099
7430,chr10,98138640
7450,chr10,98369702
7470,chr10,98825940
7490,chr10,99517355
7510,chr10,101439253
7530,chr10,102684381
7550,chr10,104231234
7570,chr10,105165615
7590,chr10,105796450
7610,chr10,105805497
7630,chr10,108389250
7650,chr10,112328838
7670,chr10,113082457
7690,chr10,114186624
7710,chr10,116068177
7730,chr10,117309099
7750,chr10,118383465
7770,chr10,119026566
7790,chr10,120692771
7810,chr10,120933134
7830,chr10,121259880
7850,chr10,122893008
7870,chr10,124152936
7890,chr10,124329584
7910,chr10,124331963
7930,chr10,125506302
7950,chr10,126185619
7970,chr10,127585240
7990,chr10,129249662
8010,chr10,129903016
8030,chr10,134038715
8050,chr10,135076524
8070,chr10,135085754
8090,chr10,135103295
8110,chr10,135179458
8130,chr10,135233541
8150,chr10,135347534
8170,chr10,135370060
8190,chr10,135455593
8198,chr11,1
8218,chr11,244130
8238,chr11,294503
8258,chr11,428385
8278,chr11,552547
8298,chr11,605856
8318,chr11,836023
8338,chr11,840478
8358,chr11,992692
8378,chr11,1016724
8398,chr11,1016992
8418,chr11,1017184
8438,chr11,1017441
8458,chr11,1017833
8478,chr11,1018117
8498,chr11,1093711
8518,chr11,1253943
8538,chr11,1258287
8558,chr11,1857112
8578,chr11,1950925
8598,chr11,2323030
8618,chr11,2685948
8638,chr11,3115355
8658,chr11,3400335
8678,chr11,3681519
8698,chr11,4231825
8718,chr11,4967468
8738,chr11,5172787
8758,chr11,5344561
8778,chr11,5411579
8798,chr11,5593223
8818,chr11,5809309
8838,chr11,6221170
8858,chr11,6416959
8878,chr11,6567882
8898,chr11,6630031
8918,chr11,7324476
8938,chr11,7716856
8958,chr11,8117228
8978,chr11,8662516
8998,chr11,9005036
9018,chr11,9769562
9038,chr11,10655610
9058,chr11,11158986
9078,chr11,11398699
9098,chr11,12534809
9118,chr11,14101494
9138,chr11,15199958
9158,chr11,17436936
9178,chr11,18267028
9198,chr11,18291528
9218,chr11,18892702
9238,chr11,19955500
9258,chr11,20101705
9278,chr11,20404613
9298,chr11,20596582
9318,chr11,20959483
9338,chr11,23501251
9358,chr11,26724972
9378,chr11,27827885
9398,chr11,32956245
9418,chr11,33350325
9438,chr11,34107785
9458,chr11,34188982
9478,chr11,35453720
9498,chr11,43284470
9518,chr11,44297054
9538,chr11,45877689
9558,chr11,45944994
9578,chr11,46722732
9598,chr11,46890389
9618,chr11,46917983
9638,chr11,47362432
9658,chr11,47772402
9678,chr11,48238422
9698,chr11,48346580
9718,chr11,48346916
9738,chr11,48347125
9758,chr11,48347364
9778,chr11,48367052
9798,chr11,48367312
9818,chr11,48373685
9838,chr11,48373900
9858,chr11,48374105
9878,chr11,48930147
9898,chr11,48973022
9918,chr11,49329552
9938,chr11,50129262
9958,chr11,51579594
9978,chr11,55563776
9998,chr11,55761738
10018,chr11,56127746
10038,chr11,56468212
10058,chr11,57148053
10078,chr11,57996084
10098,chr11,59052769
10118,chr11,59940400
10138,chr11,60268679
10158,chr11,60637165
10178,chr11,61110169
10198,chr11,61213921
10218,chr11,61647428
10238,chr11,62098934
10258,chr11,62401716
10278,chr11,62847453
10298,chr11,62951064
10318,chr11,63720086
10338,chr11,64022460
10358,chr11,64116844
10378,chr11,64503545
10398,chr11,64566771
10418,chr11,64605690
10438,chr11,64884052
10458,chr11,65004302
10478,chr11,65373622
10498,chr11,65631973
10518,chr11,65684855
10538,chr11,65770659
10558,chr11,66099988
10578,chr11,66133337
10598,chr11,66963425
10618,chr11,67263768
10638,chr11,67431110
10658,chr11,67553724
10678,chr11,67560292
10698,chr11,67565292
10718,chr11,67795378
10738,chr11,68456411
10758,chr11,68678962
10778,chr11,69588730
10798,chr11,70349062
10818,chr11,71183645
10838,chr11,71238206
10858,chr11,71707466
10878,chr11,71733519
10898,chr11,72292176
10918,chr11,72404003
10938,chr11,74053548
10958,chr11,74676795
10978,chr11,76163152
10998,chr11,76701607
11018,chr11,77928036
11038,chr11,78602151
11058,chr11,85966178
11078,chr11,87908449
11098,chr11,90848595
11118,chr11,92599851
11138,chr11,93474570
11158,chr11,94111809
11178,chr11,94800903
11198,chr11,99690505
11218,chr11,101832479
11238,chr11,102666043
11258,chr11,103047008
11278,chr11,104776173
11298,chr11,104966793
11318,chr11,107420531
11338,chr11,109920383
11358,chr11,111848364
11378,chr11,112088500
11398,chr11,113076983
11418,chr11,114423743
11438,chr11,116654436
11458,chr11,116824885
11478,chr11,117332353
11498,chr11,118529017
11518,chr11,118898425
11538,chr11,119031842
11558,chr11,119291481
11578,chr11,121233279
11598,chr11,121493072
11618,chr11,123468551
11638,chr11,123886865
11658,chr11,124494780
11678,chr11,125467144
11698,chr11,125766044
11718,chr11,126081404
11738,chr11,128782013
11758,chr11,130066373
11778,chr11,134117016
11787,chr11_gl000202_random,1
11788,chr12,1
11808,chr12,301843
11828,chr12,994488
11848,chr12,1919544
11868,chr12,2757757
11888,chr12,2806335
11908,chr12,3394099
11928,chr12,4553518
11948,chr12,4737318
11968,chr12,6128443
11988,chr12,6560474
12008,chr12,6759679
12028,chr12,7053362
12048,chr12,7080212
12068,chr12,7507461
12088,chr12,7868777
12108,chr12,8287048
12128,chr12,8376182
12148,chr12,8382210
12168,chr12,8386879
12188,chr12,8988777
12208,chr12,9074259
12228,chr12,9451397
12248,chr12,9463106
12268,chr12,9572245
12288,chr12,9580403
12308,chr12,9970215
12328,chr12,10217328
12348,chr12,10461884
12368,chr12,10571043
12388,chr12,10600369
12408,chr12,10766244
12428,chr12,11035534
12448,chr12,11183698
12468,chr12,11244191
12488,chr12,11421721
12508,chr12,11506893
12528,chr12,12483714
12548,chr12,13768354
12568,chr12,14804994
12588,chr12,15091223
12608,chr12,15748020
12628,chr12,16395218
12648,chr12,19418588
12668,chr12,20968829
12688,chr12,21028094
12708,chr12,21600954
12728,chr12,21791272
12748,chr12,22017486
12768,chr12,22161332
12788,chr12,25147300
12808,chr12,25302482
12828,chr12,25956741
12848,chr12,25957350
12868,chr12,26848410
12888,chr12,27625823
12908,chr12,27813974
12928,chr12,29630082
12948,chr12,31545104
12968,chr12,34318772
12988,chr12,40619082
13008,chr12,42512830
13028,chr12,44403341
13048,chr12,46760557
13068,chr12,48110325
13088,chr12,48386577
13108,chr12,49421179
13128,chr12,50348078
13148,chr12,50523965
13168,chr12,50745856
13188,chr12,50829263
13208,chr12,51203228
13228,chr12,51504800
13248,chr12,51851126
13268,chr12,52041833
13288,chr12,52212490
13308,chr12,52742328
13328,chr12,52965762
13348,chr12,53169045
13368,chr12,53207606
13388,chr12,53647177
13408,chr12,53692956
13428,chr12,53722098
13448,chr12,54764962
13468,chr12,54975837
13488,chr12,55944926
13508,chr12,56295735
13528,chr12,56564056
13548,chr12,56809994
13568,chr12,56982291
13588,chr12,57590736
13608,chr12,57870648
13628,chr12,58019472
13648,chr12,62708443
13668,chr12,64609562
13688,chr12,66786073
13708,chr12,67745664
13728,chr12,69967862
13748,chr12,71139665
13768,chr12,74932566
13788,chr12,76462612
13808,chr12,77243123
13828,chr12,80014907
13848,chr12,80933465
13868,chr12,82832419
13888,chr12,88483275
13908,chr12,89894267
13928,chr12,91449991
13948,chr12,94649104
13968,chr12,96371895
13988,chr12,97098550
14008,chr12,101685422
14028,chr12,104032034
14048,chr12,104645364
14068,chr12,105610717
14088,chr12,108932054
14108,chr12,109511257
14128,chr12,111786083
14148,chr12,116445449
14168,chr12,120158203
14188,chr12,120947949
14208,chr12,121133038
14228,chr12,121354956
14248,chr12,122284715
14268,chr12,122439370
14288,chr12,123297719
14308,chr12,123342634
14328,chr12,123471402
14348,chr12,123794022
14368,chr12,123832746
14388,chr12,124209333
14408,chr12,124267639
14428,chr12,124839867
14448,chr12,125587481
14468,chr12,129181834
14488,chr12,129500353
14508,chr12,131466563
14528,chr12,132323089
14548,chr12,132688137
14568,chr12,133417982
14575,chr13,1
14595,chr13,19419847
14615,chr13,19648424
14635,chr13,19744134
14655,chr13,19837933
14675,chr13,19960227
14695,chr13,20066736
14715,chr13,20716533
14735,chr13,21522466
14755,chr13,21523815
14775,chr13,21894421
14795,chr13,22058169
14815,chr13,23947504
14835,chr13,24895685
14855,chr13,25016677
14875,chr13,25021212
14895,chr13,25399753
14915,chr13,25886932
14935,chr13,26693061
14955,chr13,28519355
14975,chr13,28644511
14995,chr13,29278266
15015,chr13,30084536
15035,chr13,30346398
15055,chr13,31848535
15075,chr13,32915006
15095,chr13,36141010
15115,chr13,37563791
15135,chr13,38924083
15155,chr13,40293291
15175,chr13,41835089
15195,chr13,42701739
15215,chr13,43155169
15235,chr13,44433701
15255,chr13,46104130
15275,chr13,47470824
15295,chr13,49033747
15315,chr13,52482362
15335,chr13,52971893
15355,chr13,60385060
15375,chr13,61988107
15395,chr13,75812252
15415,chr13,76140816
15435,chr13,78178451
15455,chr13,79425172
15475,chr13,82264343
15495,chr13,90014942
15515,chr13,95727781
15535,chr13,98828261
15555,chr13,99115928
15575,chr13,99536276
15595,chr13,100921056
15615,chr13,103282300
15635,chr13,103384824
15655,chr13,103394716
15675,chr13,103484061
15695,chr13,107145463
15715,chr13,110845315
15735,chr13,111098339
15755,chr13,111118547
15775,chr13,111155428
15795,chr13,111365589
15815,chr13,111590169
15835,chr13,111590930
15855,chr13,113525953
15875,chr13,113852426
15895,chr13,114537584
15905,chr14,1
15925,chr14,19475019
15945,chr14,20137801
15965,chr14,20444491
15985,chr14,20993264
16005,chr14,21463431
16025,chr14,21526080
16045,chr14,21631557
16065,chr14,21836400
16085,chr14,22037905
16105,chr14,23242829
16125,chr14,23424187
16145,chr14,24219342
16165,chr14,24774618
16185,chr14,24905534
16205,chr14,24911764
16225,chr14,31549746
16245,chr14,32034147
16265,chr14,35390147
16285,chr14,36789775
16305,chr14,39583481
16325,chr14,39773639
16345,chr14,47687187
16365,chr14,50195679
16385,chr14,50280689
16405,chr14,50616879
16425,chr14,51223789
16445,chr14,51710509
16465,chr14,52584280
16485,chr14,53339777
16505,chr14,54458079
16525,chr14,57508600
16545,chr14,58730626
16565,chr14,58932772
16585,chr14,59978367
16605,chr14,60072023
16625,chr14,60944960
16645,chr14,61449328
16665,chr14,61997020
16685,chr14,64421393
16705,chr14,64532108
16725,chr14,66346447
16745,chr14,68265698
16765,chr14,69550327
16785,chr14,70634088
16805,chr14,71061863
16825,chr14,73360821
16845,chr14,75017650
16865,chr14,75476071
16885,chr14,75538217
16905,chr14,75587351
16925,chr14,76644624
16945,chr14,77704975
16965,chr14,77941859
16985,chr14,79181046
17005,chr14,82128455
17025,chr14,88417098
17045,chr14,89089149
17065,chr14,90263526
17085,chr14,91928302
17105,chr14,92088017
17125,chr14,92960026
17145,chr14,94097287
17165,chr14,94854874
17185,chr14,96707457
17205,chr14,99930142
17225,chr14,100803364
17245,chr14,101299065
17265,chr14,102551791
17285,chr14,103440282
17305,chr14,104139571
17325,chr14,104571827
17345,chr14,105356137
17365,chr14,105911640
17385,chr14,106391676
17388,chr15,1
17408,chr15,20453825
17428,chr15,20457155
17448,chr15,20496402
17468,chr15,21136756
17488,chr15,21937593
17508,chr15,22148395
17528,chr15,22369248
17548,chr15,22955014
17568,chr15,23687441
17588,chr15,25967086
17608,chr15,28360890
17628,chr15,28517288
17648,chr15,28948318
17668,chr15,29418574
17688,chr15,31234933
17708,chr15,33261233
17728,chr15,33990251
17748,chr15,34137292
17768,chr15,34537435
17788,chr15,35373536
17808,chr15,36937406
17828,chr15,38632149
17848,chr15,40282625
17868,chr15,40331285
17888,chr15,40605498
17908,chr15,41483637
17928,chr15,42143534
17948,chr15,42175105
17968,chr15,42363770
17988,chr15,42568547
18008,chr15,42694944
18028,chr15,43453056
18048,chr15,44068160
18068,chr15,45353230
18088,chr15,45400358
18108,chr15,45409271
18128,chr15,48450518
18148,chr15,48736684
18168,chr15,50754339
18188,chr15,50899309
18208,chr15,51276129
18228,chr15,52528081
18248,chr15,52556430
18268,chr15,53178012
18288,chr15,55972515
18308,chr15,56657581
18328,chr15,57731336
18348,chr15,58476281
18368,chr15,58853219
18388,chr15,59969547
18408,chr15,60678351
18428,chr15,62539186
18448,chr15,62979016
18468,chr15,63047778
18488,chr15,64020074
18508,chr15,64737103
18528,chr15,65370353
18548,chr15,65782451
18568,chr15,67457335
18588,chr15,68605170
18608,chr15,69011389
18628,chr15,69349088
18648,chr15,69732737
18668,chr15,72070929
18688,chr15,72556800
18708,chr15,72962420
18728,chr15,73044576
18748,chr15,74364704
18768,chr15,74627223
18788,chr15,75310075
18808,chr15,75504348
18828,chr15,76050849
18848,chr15,76248430
18868,chr15,77405360
18888,chr15,78191711
18908,chr15,78209436
18928,chr15,78269737
18948,chr15,78274384
18968,chr15,78454795
18988,chr15,78758902
19008,chr15,79021587
19028,chr15,79058572
19048,chr15,79254481
19068,chr15,80762529
19088,chr15,82444437
19108,chr15,85149771
19128,chr15,85401259
19148,chr15,86122916
19168,chr15,86125031
19188,chr15,89173657
19208,chr15,89444760
19228,chr15,90129227
19248,chr15,90188515
19268,chr15,90768156
19288,chr15,91424574
19308,chr15,93552330
19328,chr15,95398667
19348,chr15,99478506
19368,chr15,100269797
19388,chr15,100533219
19408,chr15,101019530
19428,chr15,101589765
19448,chr15,102506092
19454,chr16,1
19474,chr16,107275
19494,chr16,139636
19514,chr16,456240
19534,chr16,1075427
19554,chr16,1272038
19574,chr16,1291182
19594,chr16,1370303
19614,chr16,1394551
19634,chr16,1676317
19654,chr16,1843672
19674,chr16,1907947
19694,chr16,2331431
19714,chr16,2485896
19734,chr16,2835189
19754,chr16,3432413
19774,chr16,4014119
19794,chr16,4386815
19814,chr16,4751045
19834,chr16,4938160
19854,chr16,5127335
19874,chr16,5416308
19894,chr16,8729276
19914,chr16,8735813
19934,chr16,8738641
19954,chr16,8739903
19974,chr16,8947078
19994,chr16,9014434
20014,chr16,10205866
20034,chr16,11369535
20054,chr16,12031391
20074,chr16,14975293
20094,chr16,15156971
20114,chr16,16205450
20134,chr16,16284272
20154,chr16,19460843
20174,chr16,21136477
20194,chr16,23079353
20214,chr16,23504994
20234,chr16,24357998
20254,chr16,25139642
20274,chr16,27642249
20294,chr16,28604450
20314,chr16,28883241
20334,chr16,29791721
20354,chr16,30724071
20374,chr16,30780829
20394,chr16,31152717
20414,chr16,31519048
20434,chr16,32626027
20454,chr16,33426018
20474,chr16,33534868
20494,chr16,33537326
20514,chr16,33539589
20534,chr16,33544503
20554,chr16,33548046
20574,chr16,33941856
20594,chr16,46385938
20614,chr16,46393236
20634,chr16,46396713
20654,chr16,46405192
20674,chr16,46426318
20694,chr16,46427557
20714,chr16,46642457
20734,chr16,48118037
20754,chr16,50109479
20774,chr16,50388657
20794,chr16,55530773
20814,chr16,55783707
20834,chr16,55854455
20854,chr16,56601722
20874,chr16,56673249
20894,chr16,56904588
20914,chr16,57071335
20934,chr16,57250002
20954,chr16,57805079
20974,chr16,58036347
20994,chr16,66885652
21014,chr16,68391189
21034,chr16,69965282
21054,chr16,70012343
21074,chr16,70191334
21094,chr16,70726940
21114,chr16,71418592
21134,chr16,71732268
21154,chr16,71986765
21174,chr16,72013798
21194,chr16,72139397
21214,chr16,74445818
21234,chr16,74712905
21254,chr16,75339131
21274,chr16,76532393
21294,chr16,77389956
21314,chr16,78082862
21334,chr16,78198192
21354,chr16,81095364
21374,chr16,81173136
21394,chr16,81201422
21414,chr16,81241099
21434,chr16,81939151
21454,chr16,83817020
21474,chr16,84135494
21494,chr16,84456705
21514,chr16,84520537
21534,chr16,84808970
21554,chr16,85814903
21574,chr16,86371509
21594,chr16,88052161
21614,chr16,88502506
21634,chr16,88695333
21654,chr16,88782677
21674,chr16,88872145
21694,chr16,89169205
21714,chr16,89180665
21734,chr16,89291947
21754,chr16,89350179
21774,chr16,89760553
21794,chr16,90062010
21806,chr17,1
21826,chr17,1367352
21846,chr17,1516481
21866,chr17,2200435
21886,chr17,2921251
21906,chr17,3169187
21926,chr17,3475368
21946,chr17,3567462
21966,chr17,4005770
21986,chr17,4437214
22006,chr17,4475584
22026,chr17,4594848
22046,chr17,4642070
22066,chr17,4856377
22086,chr17,5036275
22106,chr17,5048207
22126,chr17,5415684
22146,chr17,6441165
22166,chr17,6560977
22186,chr17,7112761
22206,chr17,7400041
22226,chr17,7413057
22246,chr17,7477939
22266,chr17,7579802
22286,chr17,8064084
22306,chr17,8347927
22326,chr17,8451744
22346,chr17,9471711
22366,chr17,10258155
22386,chr17,10426343
22406,chr17,10542766
22426,chr17,10544699
22446,chr17,11522764
22466,chr17,12620761
22486,chr17,15207364
22506,chr17,15930088
22526,chr17,16097870
22546,chr17,16722282
22566,chr17,16735481
22586,chr17,17122287
22606,chr17,18149854
22626,chr17,18814653
22646,chr17,19247076
22666,chr17,20768601
22686,chr17,20924270
22706,chr17,21194786
22726,chr17,21201719
22746,chr17,21202078
22766,chr17,21203712
22786,chr17,21204188
22806,chr17,21205396
22826,chr17,21206386
22846,chr17,21207916
22866,chr17,21208457
22886,chr17,21216662
22906,chr17,21217548
22926,chr17,21247710
22946,chr17,21311933
22966,chr17,21318699
22986,chr17,21319069
23006,chr17,21319302
23026,chr17,21319543
23046,chr17,21319868
23066,chr17,21320681
23086,chr17,21320917
23106,chr17,21321104
23126,chr17,21322848
23146,chr17,21519002
23166,chr17,21544396
23186,chr17,21556505
23206,chr17,21556862
23226,chr17,21558297
23246,chr17,21559633
23266,chr17,21560434
23286,chr17,21562078
23306,chr17,22252211
23326,chr17,22258355
23346,chr17,25746683
23366,chr17,25753521
23386,chr17,26088339
23406,chr17,26687486
23426,chr17,26727377
23446,chr17,27904323
23466,chr17,30632275
23486,chr17,30980973
23506,chr17,33734666
23526,chr17,34416454
23546,chr17,35549275
23566,chr17,36233930
23586,chr17,37006353
23606,chr17,38127713
23626,chr17,38153716
23646,chr17,38183506
23666,chr17,38990834
23686,chr17,39333957
23706,chr17,39383336
23726,chr17,39411484
23746,chr17,39633317
23766,chr17,39661690
23786,chr17,39880656
23806,chr17,39913645
23826,chr17,40689455
23846,chr17,41107738
23866,chr17,41154601
23886,chr17,41381802
23906,chr17,41846965
23926,chr17,42156472
23946,chr17,42501693
23966,chr17,44336976
23986,chr17,45214558
24006,chr17,45760350
24026,chr17,46262172
24046,chr17,47038391
24066,chr17,48165370
24086,chr17,48268223
24106,chr17,48276971
24126,chr17,48821201
24146,chr17,53038430
24166,chr17,53851228
24186,chr17,56083935
24206,chr17,58786626
24226,chr17,60342432
24246,chr17,60754928
24266,chr17,60778932
24286,chr17,61996205
24306,chr17,62081474
24326,chr17,62141455
24346,chr17,62463826
24366,chr17,63533790
24386,chr17,65104744
24406,chr17,65955652
24426,chr17,66986163
24446,chr17,67245942
24466,chr17,71344889
24486,chr17,72306116
24506,chr17,72473775
24526,chr17,72838481
24546,chr17,72927124
24566,chr17,73204530
24586,chr17,73240560
24606,chr17,73482664
24626,chr17,73501753
24646,chr17,73620805
24666,chr17,73723455
24686,chr17,74326553
24706,chr17,74570409
24726,chr17,74750331
24746,chr17,75496361
24766,chr17,76457559
24786,chr17,76496578
24806,chr17,78078709
24826,chr17,78219066
24846,chr17,78445702
24866,chr17,79108141
24886,chr17,79258787
24906,chr17,79573860
24926,chr17,79990972
24946,chr17,80356316
24966,chr17,81050833
24968,chr17_gl000203_random,1
24969,chr17_gl000204_random,1
24970,chr17_gl000205_random,1
24990,chr17_gl000205_random,117706
25010,chr17_gl000205_random,122577
25030,chr17_gl000205_random,123152
25036,chr17_gl000206_random,1
25037,chr18,1
25057,chr18,724613
25077,chr18,2946292
25097,chr18,3272855
25117,chr18,5407839
25137,chr18,6985656
25157,chr18,8413517
25177,chr18,9678977
25197,chr18,10763008
25217,chr18,11824880
25237,chr18,12062907
25257,chr18,12546611
25277,chr18,14174843
25297,chr18,14837171
25317,chr18,18517216
25337,chr18,18518934
25357,chr18,18520316
25377,chr18,19423966
25397,chr18,21123539
25417,chr18,21441718
25437,chr18,21710322
25457,chr18,28611140
25477,chr18,29497573
25497,chr18,29795076
25517,chr18,30977255
25537,chr18,33779855
25557,chr18,35145676
25577,chr18,43446734
25597,chr18,44560875
25617,chr18,47563300
25637,chr18,51904642
25657,chr18,52575003
25677,chr18,54346805
25697,chr18,55028006
25717,chr18,55352470
25737,chr18,56191352
25757,chr18,56274515
25777,chr18,59170304
25797,chr18,61160288
25817,chr18,61261540
25837,chr18,61326630
25857,chr18,67531642
25877,chr18,67759550
25897,chr18,71930734
25917,chr18,72265072
25937,chr18,74680369
25957,chr18,77728046
25968,chr18_gl000207_random,1
25969,chr19,1
25989,chr19,652949
26009,chr19,1011824
26029,chr19,1088078
26049,chr19,1915118
26069,chr19,2389958
26089,chr19,2994107
26109,chr19,3653525
26129,chr19,3801560
26149,chr19,4180690
26169,chr19,4511282
26189,chr19,4511921
26209,chr19,4859937
26229,chr19,5260882
26249,chr19,5844649
26269,chr19,6151704
26289,chr19,6696497
26309,chr19,6731058
26329,chr19,6974564
26349,chr19,6988662
26369,chr19,7568965
26389,chr19,7682113
26409,chr19,7854743
26429,chr19,8168327
26449,chr19,8196445
26469,chr19,8551852
26489,chr19,8961981
26509,chr19,9003706
26529,chr19,10070955
26549,chr19,10472933
26569,chr19,11233942
26589,chr19,11664068
26609,chr19,12541532
26629,chr19,13323124
26649,chr19,14499411
26669,chr19,14806018
26689,chr19,14875201
26709,chr19,15133763
26729,chr19,15276143
26749,chr19,15508363
26769,chr19,15784387
26789,chr19,15791181
26809,chr19,15882789
26829,chr19,16013338
26849,chr19,16035495
26869,chr19,16606743
26889,chr19,17011950
26909,chr19,17462500
26929,chr19,17571766
26949,chr19,17777431
26969,chr19,18142004
26989,chr19,18273411
27009,chr19,19037054
27029,chr19,19453742
27049,chr19,20806824
27069,chr19,21216153
27089,chr19,21404616
27109,chr19,21838148
27129,chr19,22153495
27149,chr19,22235577
27169,chr19,23157800
27189,chr19,23545251
27209,chr19,23926709
27229,chr19,23973461
27249,chr19,27732102
27269,chr19,27732734
27289,chr19,27734281
27309,chr19,27736733
27329,chr19,30447675
27349,chr19,33110149
27369,chr19,33137630
27389,chr19,33464049
27409,chr19,34904539
27429,chr19,34959980
27449,chr19,35596999
27469,chr19,35838135
27489,chr19,36243089
27509,chr19,37427879
27529,chr19,38283126
27549,chr19,38936837
27569,chr19,38953997
27589,chr19,39334812
27609,chr19,40149298
27629,chr19,40225646
27649,chr19,41257176
27669,chr19,41889429
27689,chr19,41928652
27709,chr19,42373894
27729,chr19,43709655
27749,chr19,44280837
27769,chr19,44471323
27789,chr19,44591361
27809,chr19,44676149
27829,chr19,44833507
27849,chr19,44934489
27869,chr19,45477952
27889,chr19,45681561
27909,chr19,46313826
27929,chr19,46733913
27949,chr19,46994770
27969,chr19,47549792
27989,chr19,48543774
28009,chr19,48948978
28029,chr19,49246867
28049,chr19,49910597
28069,chr19,50265549
28089,chr19,50750420
28109,chr19,50926742
28129,chr19,51411636
28149,chr19,51647519
28169,chr19,52002729
28189,chr19,52031305
28209,chr19,52115350
28229,chr19,52869313
28249,chr19,52941847
28269,chr19,53085659
28289,chr19,53302453
28309,chr19,53651847
28329,chr19,54216814
28349,chr19,54278968
28369,chr19,54534832
28389,chr19,54726324
28409,chr19,54756024
28429,chr19,54783923
28449,chr19,55209663
28469,chr19,55536595
28489,chr19,55738634
28509,chr19,55872397
28529,chr19,56024600
28549,chr19,56249445
28569,chr19,56719823
28589,chr19,57723008
28609,chr19,57839568
28629,chr19,58718361
28648,chr19_gl000208_random,1
28657,chr19_gl000209_random,1
28658,chr1_gl000191_random,1
28659,chr1_gl000192_random,1
28664,chr2,1
28684,chr2,1079143
28704,chr2,1926437
28724,chr2,7037067
28744,chr2,9419412
28764,chr2,10264058
28784,chr2,11716436
28804,chr2,17773524
28824,chr2,20403794
28844,chr2,21232804
28864,chr2,24194314
28884,chr2,24432621
28904,chr2,24974945
28924,chr2,26251361
28944,chr2,26512958
28964,chr2,26616402
28984,chr2,26818021
29004,chr2,27319827
29024,chr2,27428296
29044,chr2,28718897
29064,chr2,28771897
29084,chr2,29226499
29104,chr2,29917941
29124,chr2,30985829
29144,chr2,31490717
29164,chr2,31596955
29184,chr2,32667183
29204,chr2,33586464
29224,chr2,36943338
29244,chr2,37456032
29264,chr2,39233501
29284,chr2,39564621
29304,chr2,43015719
29324,chr2,44209477
29344,chr2,47314052
29364,chr2,48738687
29384,chr2,55439964
29404,chr2,55518743
29424,chr2,56216052
29444,chr2,61522124
29464,chr2,62729748
29484,chr2,67637196
29504,chr2,69420597
29524,chr2,71417065
29544,chr2,71901286
29564,chr2,73994075
29584,chr2,79254261
29604,chr2,84771568
29624,chr2,85662651
29644,chr2,86385684
29664,chr2,88289369
29684,chr2,89082504
29704,chr2,91685289
29724,chr2,91791094
29744,chr2,91800107
29764,chr2,91800864
29784,chr2,91809457
29804,chr2,91872705
29824,chr2,91925023
29844,chr2,92031374
29864,chr2,92296776
29884,chr2,92319145
29904,chr2,96012908
29924,chr2,96525508
29944,chr2,96595033
29964,chr2,96604730
29984,chr2,96606944
30004,chr2,96610953
30024,chr2,96616533
30044,chr2,97613616
30064,chr2,97751782
30084,chr2,97820493
30104,chr2,97833216
30124,chr2,97833934
30144,chr2,97862656
30164,chr2,97870052
30184,chr2,98164085
30204,chr2,98169583
30224,chr2,98206188
30244,chr2,99719231
30264,chr2,101591304
30284,chr2,102038849
30304,chr2,103039585
30324,chr2,103141651
30344,chr2,106742178
30364,chr2,107107567
30384,chr2,108496436
30404,chr2,109429147
30424,chr2,112605465
30444,chr2,112865518
30464,chr2,113690452
30484,chr2,114023243
30504,chr2,116548526
30524,chr2,118706879
30544,chr2,120197671
30564,chr2,120388413
30584,chr2,121726448
30604,chr2,127453665
30624,chr2,128410447
30644,chr2,128872596
30664,chr2,130751620
30684,chr2,132086805
30704,chr2,132349222
30724,chr2,132358779
30744,chr2,132361518
30764,chr2,132384340
30784,chr2,133015186
30804,chr2,133015455
30824,chr2,133017261
30844,chr2,133018825
30864,chr2,133019052
30884,chr2,133019275
30904,chr2,133019490
30924,chr2,133019704
30944,chr2,133019903
30964,chr2,133020125
30984,chr2,133020332
31004,chr2,133020452
31024,chr2,133062371
31044,chr2,133070449
31064,chr2,133074759
31084,chr2,133075387
31104,chr2,133075904
31124,chr2,133076366
31144,chr2,136511576
31164,chr2,136575199
31184,chr2,138163391
31204,chr2,141253409
31224,chr2,141571458
31244,chr2,149853960
31264,chr2,152369117
31284,chr2,152573981
31304,chr2,153519524
31324,chr2,155306885
31344,chr2,158284057
31364,chr2,158922082
31384,chr2,159732318
31404,chr2,160082385
31424,chr2,160605268
31444,chr2,160873270
31464,chr2,162135943
31484,chr2,165358673
31504,chr2,166799597
31524,chr2,166905375
31544,chr2,168572093
31564,chr2,170134192
31584,chr2,170782338
31604,chr2,171319998
31624,chr2,172348396
31644,chr2,174068514
31664,chr2,176046257
31684,chr2,178534111
31704,chr2,179203797
31724,chr2,179615931
31744,chr2,179635883
31764,chr2,180047909
31784,chr2,182376547
31804,chr2,183593454
31824,chr2,183936916
31844,chr2,187490389
31864,chr2,189875422
31884,chr2,189974959
31904,chr2,190611415
31924,chr2,191514408
31944,chr2,192279328
31964,chr2,196636662
31984,chr2,196915991
32004,chr2,197184322
32024,chr2,197953372
32044,chr2,198359269
32064,chr2,201451007
32084,chr2,202501448
32104,chr2,203661780
32124,chr2,204062061
32144,chr2,204305094
32164,chr2,206911191
32184,chr2,208842395
32204,chr2,209036779
32224,chr2,209184999
32244,chr2,209200395
32264,chr2,210010065
32284,chr2,210889760
32304,chr2,212615516
32324,chr2,215862383
32344,chr2,216190691
32364,chr2,217123959
32384,chr2,219129061
32404,chr2,219319658
32424,chr2,220022177
32444,chr2,220046350
32464,chr2,220113243
32484,chr2,220250148
32504,chr2,220353104
32524,chr2,220416803
32544,chr2,220471116
32564,chr2,220505265
32584,chr2,223799208
32604,chr2,224770781
32624,chr2,228109628
32644,chr2,228197368
32664,chr2,230135712
32684,chr2,231162342
32704,chr2,233306647
32724,chr2,233757698
32744,chr2,238903310
32764,chr2,239082166
32784,chr2,241404318
32804,chr2,242004219
32824,chr2,242292378
32844,chr2,242617793
32847,chr20,1
32867,chr20,897063
32887,chr20,1552431
32907,chr20,2448577
32927,chr20,2552805
32947,chr20,3276659
32967,chr20,3677737
32987,chr20,4202803
33007,chr20,6100003
33027,chr20,10620386
33047,chr20,13845988
33067,chr20,17605241
33087,chr20,18429540
33107,chr20,18464110
33127,chr20,19832793
33147,chr20,20168498
33167,chr20,21362758
33187,chr20,23729723
33207,chr20,25141955
33227,chr20,25753981
33247,chr20,25900078
33267,chr20,26061860
33287,chr20,26062098
33307,chr20,26094564
33327,chr20,29449334
33347,chr20,29566270
33367,chr20,29612001
33387,chr20,29625789
33407,chr20,29626148
33427,chr20,29632676
33447,chr20,29637801
33467,chr20,29978217
33487,chr20,33334540
33507,chr20,33583332
33527,chr20,33637606
33547,chr20,34079200
33567,chr20,35826684
33587,chr20,36031097
33607,chr20,36989382
33627,chr20,39744811
33647,chr20,42281834
33667,chr20,43946292
33687,chr20,44423843
33707,chr20,44518844
33727,chr20,44639511
33747,chr20,44979643
33767,chr20,46267951
33787,chr20,47859269
33807,chr20,48448660
33827,chr20,49194867
33847,chr20,50329417
33867,chr20,54963134
33887,chr20,57244493
33907,chr20,58514199
33927,chr20,60883920
33947,chr20,60905879
33967,chr20,60921897
33987,chr20,61594680
34007,chr20,61952491
34027,chr20,62199447
34047,chr20,62234274
34067,chr20,62374442
34070,chr21,1
34090,chr21,9926900
34110,chr21,10899814
34130,chr21,10998165
34150,chr21,11029617
34170,chr21,11039344
34190,chr21,11049504
34210,chr21,11058043
34230,chr21,11106914
34250,chr21,11154307
34270,chr21,11181510
34290,chr21,14798807
34310,chr21,17981757
34330,chr21,22696884
34350,chr21,27327863
34370,chr21,30378192
34390,chr21,32524853
34410,chr21,33691754
34430,chr21,34166191
34450,chr21,34926261
34470,chr21,35469727
34490,chr21,37586878
34510,chr21,38495215
34530,chr21,38532905
34550,chr21,39213020
34570,chr21,40597215
34590,chr21,42717663
34610,chr21,42843960
34630,chr21,43305436
34650,chr21,43547789
34670,chr21,43852038
34690,chr21,43985955
34710,chr21,44589215
34730,chr21,45514141
34750,chr21,45538783
34770,chr21,45649849
34790,chr21,45959387
34810,chr21,46011751
34830,chr21,46021370
34850,chr21,46047857
34870,chr21,46074104
34890,chr21,46096658
34910,chr21,46348701
34930,chr21,47420726
34950,chr21,47635714
34970,chr21,47978322
34979,chr21_gl000210_random,1
34980,chr22,1
35000,chr22,16868620
35020,chr22,16871338
35040,chr22,17585466
35060,chr22,18562888
35080,chr22,18904415
35100,chr22,19197897
35120,chr22,19959366
35140,chr22,20473226
35160,chr22,21332394
35180,chr22,21570297
35200,chr22,22843119
35220,chr22,23655621
35240,chr22,24269096
35260,chr22,24270778
35280,chr22,24579050
35300,chr22,25282765
35320,chr22,26239906
35340,chr22,26859942
35360,chr22,26895062
35380,chr22,29885861
35400,chr22,30681797
35420,chr22,31971174
35440,chr22,35590707
35460,chr22,36114055
35480,chr22,36661566
35500,chr22,36708338
35520,chr22,37267767
35540,chr22,37888869
35560,chr22,38364553
35580,chr22,39355718
35600,chr22,41545027
35620,chr22,42070277
35640,chr22,42139078
35660,chr22,42454355
35680,chr22,42537405
35700,chr22,43520258
35720,chr22,44489869
35740,chr22,45277786
35760,chr22,45757987
35780,chr22,46765190
35800,chr22,47569571
35820,chr22,50356850
35840,chr22,50664612
35860,chr22,50713866
35880,chr22,50923283
35900,chr22,51137249
35907,chr3,1
35927,chr3,3170793
35947,chr3,4024657
35967,chr3,4856180
35987,chr3,8730781
36007,chr3,9822276
36027,chr3,10085036
36047,chr3,11928234
36067,chr3,12613866
36087,chr3,12944170
36107,chr3,14702982
36127,chr3,15736385
36147,chr3,19959757
36167,chr3,22423902
36187,chr3,25805880
36207,chr3,32300698
36227,chr3,33444286
36247,chr3,38350630
36267,chr3,38401918
36287,chr3,38454931
36307,chr3,39185248
36327,chr3,40251282
36347,chr3,41925260
36367,chr3,41960006
36387,chr3,42363952
36407,chr3,43602804
36427,chr3,44816955
36447,chr3,45527219
36467,chr3,45748430
36487,chr3,45776901
36507,chr3,46501285
36527,chr3,46965198
36547,chr3,47277459
36567,chr3,47454400
36587,chr3,48719638
36607,chr3,49453506
36627,chr3,49753789
36647,chr3,50645793
36667,chr3,50686517
36687,chr3,51395572
36707,chr3,52471942
36727,chr3,52537969
36747,chr3,52874099
36767,chr3,52960016
36787,chr3,53267133
36807,chr3,53882674
36827,chr3,56627048
36847,chr3,57414331
36867,chr3,58355274
36887,chr3,62431415
36907,chr3,64527337
36927,chr3,69225876
36947,chr3,69246275
36967,chr3,72495777
36987,chr3,73651624
37007,chr3,78676468
37027,chr3,87295050
37047,chr3,87373710
37067,chr3,88999311
37087,chr3,97619252
37107,chr3,98153695
37127,chr3,100630604
37147,chr3,105260596
37167,chr3,107882643
37187,chr3,108117356
37207,chr3,108189751
37227,chr3,108754238
37247,chr3,111439955
37267,chr3,111918216
37287,chr3,112184928
37307,chr3,112301460
37327,chr3,113027214
37347,chr3,116746175
37367,chr3,119133184
37387,chr3,119501799
37407,chr3,119905642
37427,chr3,121186543
37447,chr3,121825197
37467,chr3,122437322
37487,chr3,123015094
37507,chr3,123457894
37527,chr3,124731486
37547,chr3,125443454
37567,chr3,126180047
37587,chr3,127323830
37607,chr3,128864521
37627,chr3,129303198
37647,chr3,129800652
37667,chr3,129814849
37687,chr3,129987882
37707,chr3,130132305
37727,chr3,130162395
37747,chr3,130947436
37767,chr3,133692744
37787,chr3,134320816
37807,chr3,136618263
37827,chr3,137799499
37847,chr3,137880744
37867,chr3,139094367
37887,chr3,140419716
37907,chr3,142896287
37927,chr3,148786108
37947,chr3,149212756
37967,chr3,151045662
37987,chr3,151535423
38007,chr3,153839961
38027,chr3,155611558
38047,chr3,160679745
38067,chr3,169621973
38087,chr3,172059122
38107,chr3,172537850
38127,chr3,178785549
38147,chr3,182576923
38167,chr3,182790249
38187,chr3,183480112
38207,chr3,184700357
38227,chr3,186006619
38247,chr3,186961478
38267,chr3,188202550
38287,chr3,189712090
38307,chr3,190345101
38327,chr3,193042540
38347,chr3,194118875
38367,chr3,194379647
38387,chr3,195295709
38407,chr3,195451880
38427,chr3,195497175
38447,chr3,195512004
38467,chr3,195517321
38487,chr3,195798259
38507,chr3,196749799
38526,chr4,1
38546,chr4,655702
38566,chr4,1067268
38586,chr4,1815990
38606,chr4,2744000
38626,chr4,2938420
38646,chr4,3516689
38666,chr4,5418540
38686,chr4,5755293
38706,chr4,6379992
38726,chr4,6698667
38746,chr4,7968319
38766,chr4,8229219
38786,chr4,8602936
38806,chr4,9585752
38826,chr4,9707683
38846,chr4,9889042
38866,chr4,10413168
38886,chr4,13649789
38906,chr4,15972550
38926,chr4,17516771
38946,chr4,20520993
38966,chr4,25315653
38986,chr4,25769136
39006,chr4,36149114
39026,chr4,39205365
39046,chr4,41615690
39066,chr4,42031217
39086,chr4,42088041
39106,chr4,44696539
39126,chr4,47839930
39146,chr4,48082208
39166,chr4,48582837
39186,chr4,49063873
39206,chr4,49214638
39226,chr4,49245025
39246,chr4,54362597
39266,chr4,55948109
39286,chr4,62800728
39306,chr4,66218728
39326,chr4,68380215
39346,chr4,69681676
39366,chr4,69795627
39386,chr4,69893705
39406,chr4,71024011
39426,chr4,71255767
39446,chr4,72316822
39466,chr4,72622403
39486,chr4,74285240
39506,chr4,74486053
39526,chr4,75248545
39546,chr4,76793229
39566,chr4,76809320
39586,chr4,76956188
39606,chr4,77303899
39626,chr4,79188161
39646,chr4,79443850
39666,chr4,80957198
39686,chr4,83626674
39706,chr4,83839799
39726,chr4,85165381
39746,chr4,88537737
39766,chr4,95578588
39786,chr4,100048415
39806,chr4,100268191
39826,chr4,106448322
39846,chr4,108581004
39866,chr4,108944821
39886,chr4,109767455
39906,chr4,110914428
39926,chr4,115544715
39946,chr4,119161619
39966,chr4,120072275
39986,chr4,121958092
40006,chr4,123185532
40026,chr4,126373789
40046,chr4,139103367
40066,chr4,141311960
40086,chr4,144456125
40106,chr4,146046138
40126,chr4,148800300
40146,chr4,151231372
40166,chr4,152070634
40186,chr4,154216710
40206,chr4,155161667
40226,chr4,156757818
40246,chr4,158736196
40266,chr4,162459299
40286,chr4,169299676
40306,chr4,169393179
40326,chr4,170753954
40346,chr4,174340919
40366,chr4,177083167
40386,chr4,183268174
40406,chr4,185583093
40426,chr4,186347073
40446,chr4,187077394
40466,chr4,187530314
40486,chr4,190838675
40506,chr4,190905235
40510,chr4_gl000193_random,1
40520,chr4_gl000194_random,1
40526,chr5,1
40546,chr5,376670
40566,chr5,479906
40586,chr5,796065
40606,chr5,1064854
40626,chr5,1224002
40646,chr5,1337982
40666,chr5,5187776
40686,chr5,6748660
40706,chr5,7927794
40726,chr5,10748232
40746,chr5,14378068
40766,chr5,14960648
40786,chr5,16764334
40806,chr5,21884101
40826,chr5,31299446
40846,chr5,31908826
40866,chr5,32522904
40886,chr5,33649905
40906,chr5,35026683
40926,chr5,35739960
40946,chr5,36201337
40966,chr5,37364443
40986,chr5,38959794
41006,chr5,41004396
41026,chr5,41049389
41046,chr5,43198653
41066,chr5,43557406
41086,chr5,52344611
41106,chr5,54459961
41126,chr5,54721642
41146,chr5,55398270
41166,chr5,56526566
41186,chr5,59899414
41206,chr5,64447832
41226,chr5,64946837
41246,chr5,68150940
41266,chr5,70849546
41286,chr5,71743024
41306,chr5,73931247
41326,chr5,75923294
41346,chr5,76736908
41366,chr5,78340063
41386,chr5,78596045
41406,chr5,79743822
41426,chr5,81549241
41446,chr5,90024736
41466,chr5,94728631
41486,chr5,96512866
41506,chr5,99715200
41526,chr5,108924815
41546,chr5,110284619
41566,chr5,110710360
41586,chr5,112312677
41606,chr5,112439942
41626,chr5,115339087
41646,chr5,118532035
41666,chr5,122736667
41686,chr5,125802121
41706,chr5,127522155
41726,chr5,130808199
41746,chr5,131322495
41766,chr5,131995844
41786,chr5,133896744
41806,chr5,134345250
41826,chr5,135276847
41846,chr5,137241856
41866,chr5,137684121
41886,chr5,138837074
41906,chr5,140168070
41926,chr5,140187048
41946,chr5,140214381
41966,chr5,140573443
41986,chr5,141367203
42006,chr5,145197412
42026,chr5,147444786
42046,chr5,147585806
42066,chr5,149364780
42086,chr5,149585025
42106,chr5,150639439
42126,chr5,150925144
42146,chr5,154193735
42166,chr5,154308283
42186,chr5,156479424
42206,chr5,156898899
42226,chr5,159665524
42246,chr5,160097430
42266,chr5,165456147
42286,chr5,170160750
42306,chr5,172395408
42326,chr5,173316729
42346,chr5,176002145
42366,chr5,176083176
42386,chr5,176523598
42406,chr5,176867943
42426,chr5,176939736
42446,chr5,177388320
42466,chr5,177715304
42486,chr5,178416063
42506,chr5,179078941
42526,chr5,179980303
42546,chr5,180047413
42563,chr6,1
42583,chr6,636415
42603,chr6,3010390
42623,chr6,3264583
42643,chr6,4033066
42663,chr6,4703136
42683,chr6,7247249
42703,chr6,7986295
42723,chr6,10956214
42743,chr6,15504589
42763,chr6,17785948
42783,chr6,18208189
42803,chr6,24425214
42823,chr6,24806740
42843,chr6,25420345
42863,chr6,25701692
42883,chr6,27179195
42903,chr6,28700352
42923,chr6,29625001
42943,chr6,29854269
42963,chr6,29857013
42983,chr6,29857965
43003,chr6,29895929
43023,chr6,29912830
43043,chr6,29943336
43063,chr6,30890432
43083,chr6,31107087
43103,chr6,31133943
43123,chr6,31243411
43143,chr6,31245489
43163,chr6,31325031
43183,chr6,31465915
43203,chr6,31487321
43223,chr6,31778272
43243,chr6,32441100
43263,chr6,32497963
43283,chr6,32520961
43303,chr6,32549502
43323,chr6,32610462
43343,chr6,32629847
43363,chr6,32698687
43383,chr6,32916541
43403,chr6,33422977
43423,chr6,33654898
43443,chr6,34214994
43463,chr6,35258540
43483,chr6,35478613
43503,chr6,36190157
43523,chr6,37604490
43543,chr6,38828425
43563,chr6,41185606
43583,chr6,41197858
43603,chr6,42123317
43623,chr6,42641705
43643,chr6,43014298
43663,chr6,43414235
43683,chr6,45922850
43703,chr6,46826508
43723,chr6,46834906
43743,chr6,47624300
43763,chr6,47654817
43783,chr6,47686102
43803,chr6,50712785
43823,chr6,51936847
43843,chr6,52660867
43863,chr6,52847275
43883,chr6,56044835
43903,chr6,57244830
43923,chr6,57247023
43943,chr6,57372502
43963,chr6,57393217
43983,chr6,57398059
44003,chr6,57398270
44023,chr6,57467279
44043,chr6,57472315
44063,chr6,57499043
44083,chr6,57512712
44103,chr6,58777178
44123,chr6,58778081
44143,chr6,58778989
44163,chr6,66014562
44183,chr6,70916888
44203,chr6,73308473
44223,chr6,74171385
44243,chr6,76554594
44263,chr6,80631539
44283,chr6,84233832
44303,chr6,88985395
44323,chr6,90316020
44343,chr6,90405306
44363,chr6,90455085
44383,chr6,97096363
44403,chr6,99726621
44423,chr6,99955244
44443,chr6,101094554
44463,chr6,101338154
44483,chr6,106992593
44503,chr6,107361477
44523,chr6,108042214
44543,chr6,110106234
44563,chr6,111196180
44583,chr6,112457472
44603,chr6,117121895
44623,chr6,121436423
44643,chr6,126072854
44663,chr6,129807630
44683,chr6,130370406
44703,chr6,132271959
44723,chr6,135763867
44743,chr6,136589288
44763,chr6,136596670
44783,chr6,136599837
44803,chr6,138027773
44823,chr6,143081848
44843,chr6,150211124
44863,chr6,151152656
44883,chr6,151547091
44903,chr6,151859315
44923,chr6,152646996
44943,chr6,152675854
44963,chr6,155561760
44983,chr6,158509751
45003,chr6,159190185
45023,chr6,159659482
45043,chr6,160211421
45063,chr6,160645833
45083,chr6,160905416
45103,chr6,161990484
45123,chr6,166826256
45143,chr6,167453521
45163,chr6,167791531
45183,chr6,168459790
45203,chr6,170563668
45210,chr7,1
45230,chr7,801640
45250,chr7,940181
45270,chr7,1783851
45290,chr7,2418646
45310,chr7,5159573
45330,chr7,5518332
45350,chr7,6545620
45370,chr7,7557298
45390,chr7,8178837
45410,chr7,12684340
45430,chr7,16904363
45450,chr7,21468872
45470,chr7,21941861
45490,chr7,23624476
45510,chr7,27135315
45530,chr7,29437868
45550,chr7,31125084
45570,chr7,31691698
45590,chr7,32968343
45610,chr7,36324436
45630,chr7,37901581
45650,chr7,38543372
45670,chr7,39243751
45690,chr7,43083446
45710,chr7,44154866
45730,chr7,45009342
45750,chr7,47408029
45770,chr7,48089571
45790,chr7,50198627
45810,chr7,51085127
45830,chr7,55540792
45850,chr7,56230957
45870,chr7,57008740
45890,chr7,57696481
45910,chr7,57714390
45930,chr7,61969088
45950,chr7,62672147
45970,chr7,63203881
45990,chr7,64169019
46010,chr7,64293042
46030,chr7,65215581
46050,chr7,65599447
46070,chr7,70252185
46090,chr7,72728131
46110,chr7,73530047
46130,chr7,75612770
46150,chr7,75659816
46170,chr7,76610408
46190,chr7,77552127
46210,chr7,80378149
46230,chr7,81374500
46250,chr7,83606355
46270,chr7,87006567
46290,chr7,88078259
46310,chr7,94038935
46330,chr7,97488569
46350,chr7,98503710
46370,chr7,99303094
46390,chr7,99816180
46410,chr7,100091795
46430,chr7,100371101
46450,chr7,100411278
46470,chr7,100636409
46490,chr7,100678086
46510,chr7,101713567
46530,chr7,102113093
46550,chr7,102668178
46570,chr7,102957156
46590,chr7,104377454
46610,chr7,105903905
46630,chr7,107822199
46650,chr7,112724526
46670,chr7,120704290
46690,chr7,123190494
46710,chr7,127361270
46730,chr7,128589489
46750,chr7,128845019
46770,chr7,129125826
46790,chr7,130148565
46810,chr7,131812923
46830,chr7,134225827
46850,chr7,134850470
46870,chr7,135311168
46890,chr7,137801413
46910,chr7,138356733
46930,chr7,138883382
46950,chr7,141362432
46970,chr7,141898522
46990,chr7,142460336
47010,chr7,142470646
47030,chr7,142471671
47050,chr7,142479954
47070,chr7,143017807
47090,chr7,143242781
47110,chr7,148080648
47130,chr7,148705222
47150,chr7,149317217
47170,chr7,150093702
47190,chr7,150500729
47210,chr7,150720903
47230,chr7,151097324
47250,chr7,151933034
47270,chr7,151970857
47290,chr7,155503921
47310,chr7,157369565
47330,chr7,158480293
47350,chr7,158566138
47370,chr7,158820969
47386,chr7_gl000195_random,1
47406,chr7_gl000195_random,918
47426,chr7_gl000195_random,79994
47446,chr7_gl000195_random,131296
47451,chr8,1
47471,chr8,2007116
47491,chr8,2048811
47511,chr8,2909992
47531,chr8,3201034
47551,chr8,6272400
47571,chr8,6312880
47591,chr8,6940603
47611,chr8,9578230
47631,chr8,10532401
47651,chr8,11683865
47671,chr8,12039903
47691,chr8,12593045
47711,chr8,12952176
47731,chr8,14167114
47751,chr8,17157260
47771,chr8,17579589
47791,chr8,18432579
47811,chr8,21890581
47831,chr8,21937667
47851,chr8,22132838
47871,chr8,22886020
47891,chr8,23117643
47911,chr8,24211279
47931,chr8,25160236
47951,chr8,25234859
47971,chr8,26481772
47991,chr8,27294824
48011,chr8,27641609
48031,chr8,29005094
48051,chr8,29996257
48071,chr8,30608774
48091,chr8,30933859
48111,chr8,33294268
48131,chr8,36776268
48151,chr8,38458554
48171,chr8,39496030
48191,chr8,41519249
48211,chr8,42196442
48231,chr8,43106890
48251,chr8,48068797
48271,chr8,51315100
48291,chr8,52732790
48311,chr8,56367623
48331,chr8,59535623
48351,chr8,61851854
48371,chr8,63768015
48391,chr8,63978660
48411,chr8,68993015
48431,chr8,71510093
48451,chr8,75262842
48471,chr8,77895865
48491,chr8,86126827
48511,chr8,86556256
48531,chr8,87567305
48551,chr8,95186295
48571,chr8,96260056
48591,chr8,101253095
48611,chr8,104343823
48631,chr8,116635611
48651,chr8,120631660
48671,chr8,124664792
48691,chr8,125088636
48711,chr8,126056216
48731,chr8,133008824
48751,chr8,133880335
48771,chr8,134225396
48791,chr8,136637531
48811,chr8,139626177
48831,chr8,139712324
48851,chr8,141685642
48871,chr8,142505039
48891,chr8,143599631
48911,chr8,143857441
48931,chr8,144351633
48951,chr8,144644787
48971,chr8,144676025
48991,chr8,144801347
49011,chr8,144894642
49031,chr8,145152461
49051,chr8,145268174
49071,chr8,145692813
49091,chr8,146054781
49095,chr8_gl000196_random,1
49096,chr8_gl000197_random,1
49097,chr9,1
49117,chr9,660290
49137,chr9,3879693
49157,chr9,5929168
49177,chr9,6675479
49197,chr9,11011800
49217,chr9,12775488
49237,chr9,14737506
49257,chr9,15056035
49277,chr9,16738307
49297,chr9,17747279
49317,chr9,19026946
49337,chr9,20765098
49357,chr9,22748084
49377,chr9,27290985
49397,chr9,29825885
49417,chr9,33385601
49437,chr9,33386378
49457,chr9,33386952
49477,chr9,33402440
49497,chr9,33927900
49517,chr9,34378824
49537,chr9,35043291
49557,chr9,35100569
49577,chr9,35677703
49597,chr9,36276857
49617,chr9,37441809
49637,chr9,39118196
49657,chr9,44076748
49677,chr9,44110749
49697,chr9,45362677
49717,chr9,45376213
49737,chr9,66513117
49757,chr9,66836624
49777,chr9,67281734
49797,chr9,67288262
49817,chr9,67334949
49837,chr9,68355368
49857,chr9,68358217
49877,chr9,68358681
49897,chr9,68427787
49917,chr9,68429140
49937,chr9,68433462
49957,chr9,68433754
49977,chr9,71224797
49997,chr9,71986315
50017,chr9,72901096
50037,chr9,74298721
50057,chr9,75554953
50077,chr9,77752676
50097,chr9,79322720
50117,chr9,82189914
50137,chr9,88925534
50157,chr9,91628546
50177,chr9,92065084
50197,chr9,96000623
50217,chr9,97054407
50237,chr9,100013017
50257,chr9,101585444
50277,chr9,104499576
50297,chr9,109932908
50317,chr9,111945166
50337,chr9,113233956
50357,chr9,114989616
50377,chr9,116136199
50397,chr9,117026581
50417,chr9,117838697
50437,chr9,120471059
50457,chr9,123342276
50477,chr9,123671521
50497,chr9,124091135
50517,chr9,125486969
50537,chr9,125760864
50557,chr9,126133548
50577,chr9,127618776
50597,chr9,127661527
50617,chr9,129831660
50637,chr9,130213110
50657,chr9,130258161
50677,chr9,130630234
50697,chr9,130690412
50717,chr9,130824595
50737,chr9,130883512
50757,chr9,131344607
50777,chr9,131375702
50797,chr9,131454818
50817,chr9,131502460
50837,chr9,131772390
50857,chr9,131911135
50877,chr9,132620458
50897,chr9,132623918
50917,chr9,132631680
50937,chr9,132686186
50957,chr9,132891116
50977,chr9,133936382
50997,chr9,133987060
51017,chr9,134183379
51037,chr9,134350648
51057,chr9,134384501
51077,chr9,134394164
51097,chr9,134398842
51117,chr9,135202829
51137,chr9,135273608
51157,chr9,135961810
51177,chr9,136101557
51197,chr9,136135096
51217,chr9,136234124
51237,chr9,136561567
51257,chr9,137678038
51277,chr9,137801800
51297,chr9,137982234
51317,chr9,138586198
51337,chr9,139099452
51357,chr9,139848689
51377,chr9,139913239
51397,chr9,139973653
51417,chr9,140055876
51437,chr9,140158651
51457,chr9,140289697
51477,chr9,140773505
51497,chr9,141070283
51502,chr9_gl000198_random,1
51522,chr9_gl000198_random,76527
51527,chr9_gl000199_random,1
51533,chr9_gl000200_random,1
51534,chr9_gl000201_random,1
51535,chrM,1
51555,chrM,12707
51575,chrM,16323
51576,chrUn_gl000211,1
51596,chrUn_gl000211,107146
51616,chrUn_gl000211,111407
51636,chrUn_gl000211,115367
51655,chrUn_gl000212,1
51675,chrUn_gl000212,1477
51695,chrUn_gl000212,2160
51715,chrUn_gl000212,2628
51735,chrUn_gl000212,3011
51755,chrUn_gl000212,3479
51775,chrUn_gl000212,5005
51795,chrUn_gl000212,6513
51815,chrUn_gl000212,6886
51835,chrUn_gl000212,35600
51855,chrUn_gl000212,95933
51875,chrUn_gl000212,138469
51881,chrUn_gl000213,1
51882,chrUn_gl000214,1
51902,chrUn_gl000214,63438
51921,chrUn_gl000215,1
51922,chrUn_gl000216,1
51927,chrUn_gl000217,1
51930,chrUn_gl000218,1
51950,chrUn_gl000218,41675
51953,chrUn_gl000219,1
51973,chrUn_gl000219,73665
51993,chrUn_gl000219,79699
52013,chrUn_gl000219,88447
52033,chrUn_gl000219,99467
52053,chrUn_gl000219,99664
52073,chrUn_gl000219,120754
52093,chrUn_gl000219,122548
52098,chrUn_gl000220,1
52118,chrUn_gl000220,129313
52138,chrUn_gl000220,138641
52158,chrUn_gl000220,143162
52164,chrUn_gl000221,1
52167,chrUn_gl000222,1
52170,chrUn_gl000223,1
52171,chrUn_gl000224,1
52175,chrUn_gl000225,1
52195,chrUn_gl000225,50891
52215,chrUn_gl000225,71817
52235,chrUn_gl000225,78973
52255,chrUn_gl000226,1
52257,chrUn_gl000227,1
52258,chrUn_gl000228,1
52269,chrUn_gl000229,1
52289,chrUn_gl000229,12549
52309,chrUn_gl000229,13267
52329,chrUn_gl000229,13516
52349,chrUn_gl000229,14223
52365,chrUn_gl000230,1
52385,chrUn_gl000230,18863
52405,chrUn_gl000230,19692
52425,chrUn_gl000230,22258
52431,chrUn_gl000231,1
52451,chrUn_gl000231,18342
52462,chrUn_gl000232,1
52479,chrUn_gl000233,1
52480,chrUn_gl000234,1
52500,chrUn_gl000234,36602
52506,chrUn_gl000235,1
52507,chrUn_gl000236,1
52508,chrUn_gl000237,1
52520,chrUn_gl000238,1
52521,chrUn_gl000239,1
52522,chrUn_gl000240,1
52523,chrUn_gl000241,1
52543,chrUn_gl000241,16032
52563,chrUn_gl000241,22570
52581,chrUn_gl000242,1
52582,chrUn_gl000243,1
52583,chrUn_gl000244,1
52584,chrUn_gl000245,1
52585,chrUn_gl000246,1
52586,chrUn_gl000247,1
52587,chrUn_gl000248,1
52588,chrUn_gl000249,1
52589,chrX,1
52609,chrX,12722616
52629,chrX,19478336
52649,chrX,30261159
52669,chrX,40217840
52689,chrX,47061018
52709,chrX,48054741
52729,chrX,49021538
52749,chrX,52825472
52769,chrX,52891645
52789,chrX,53563590
52809,chrX,55651002
52829,chrX,65393658
52849,chrX,69502479
52869,chrX,71357094
52889,chrX,74546624
52909,chrX,75555957
52929,chrX,79999798
52949,chrX,86887245
52969,chrX,100242305
52989,chrX,102979487
53009,chrX,107415825
53029,chrX,117262734
53049,chrX,119510145
53069,chrX,133379551
53089,chrX,138897130
53109,chrX,147919070
53129,chrX,149931107
53149,chrX,152774746
53169,chrX,152935705
53189,chrX,153174819
53209,chrX,153292181
53220,chrY,1
53240,chrY,10011762
53260,chrY,10029164
53280,chrY,10029396
53300,chrY,10029761
53320,chrY,13268522
53340,chrY,13500599
53360,chrY,21154323
53380,chrY,28583230
53400,chrY,59001473
53420,chrY,59001911
53440,chrY,59002139
